user,password
user0,SZuyWp
user1,EtmJhh
user2,nsoJOQ
user3,hvTyCR
user4,sVBqDH
user5,KwhuAS
user6,igeqyc
user7,DndoCH
user8,WYkQmq
user9,rBMssz
user10,FERQmL
user11,QUZfkQ
user12,HZjkae
user13,fXYXlU
user14,pQWLIL
user15,WSnmqS
user16,UVdcbh
user17,aXmWWe
user18,eyrzvX
user19,CWlALc
user20,ltRJWi
user21,ePrbOi
user22,ltEaSA
user23,mIcTGd
user24,APCnHT
user25,ySfGJY
user26,HEPOeP
user27,wtXVsV
user28,FPuEoH
user29,WSAHzI
user30,GAVAcM
user31,qBvDYr
user32,YZVtjq
user33,hHoSgv
user34,JTiTVo
user35,pZOSHL
user36,lxZpOP
user37,hrCWbT
user38,TawuLx
user39,hJfvBw
user40,nxGdFT
user41,WgQJVU
user42,ofbkCA
user43,xQFlAu
user44,wnljvb
user45,IWWBYA
user46,yFayDV
user47,kEMsyy
user48,cvLjmA
user49,rJEOpX
user50,nYFomg
user51,tPkosF
user52,htxMFC
user53,bdjRXD
user54,IhoLGq
user55,vgTsnY
user56,xcfgdU
user57,bJRIWE
user58,YSaMeN
user59,tDhYZw
user60,dpKCCu
user61,ueYwRq
user62,cablja
user63,pvoNYY
user64,CmCgTm
user65,tIytBG
user66,WYbKrg
user67,EHGNeU
user68,IqUpPA
user69,pMcYqe
user70,DKpGlQ
user71,emizEV
user72,kMGXcy
user73,dqCAvp
user74,FlDGqb
user75,APStbU
user76,ksaSII
user77,HLFyNZ
user78,EoxPJj
user79,FwmWMZ
user80,QSqagm
user81,MLibtS
user82,hgDCeH
user83,lQMvrp
user84,oJDEub
user85,inELlx
user86,IVxFiM
user87,Oeinpe
user88,bPrFkz
user89,ujmWLa
user90,FglzIj
user91,BssSaN
user92,xfeuMv
user93,RDwiYG
user94,NkPFWL
user95,RaAgrL
user96,GiWhwa
user97,NPVstx
user98,uiYrRU
user99,xTUGgr
